<?xml version="1.0" ?>
<data>
  <!--NOTE: This is an ** Autogenerated file **-->
  <!--BlockSize = 128 KB-->
  <!--PageSize  = 2 KB-->
  <!--NUM_PARTITION_SECTORS  = 65536-->
  <program PAGES_PER_BLOCK="64" SECTOR_SIZE_IN_BYTES="2048" filename="..\sbl1.mbn" num_partition_sectors="640" physical_partition_number="0" start_sector="0"/>
  <program PAGES_PER_BLOCK="64" SECTOR_SIZE_IN_BYTES="2048" filename="partition_complete_p2K_b128K.mbn" num_partition_sectors="384" physical_partition_number="0" start_sector="640"/>
  <program PAGES_PER_BLOCK="64" SECTOR_SIZE_IN_BYTES="2048" filename="..\tz.mbn" num_partition_sectors="704" physical_partition_number="0" start_sector="12032"/>
  <erase PAGES_PER_BLOCK="64" SECTOR_SIZE_IN_BYTES="2048" num_partition_sectors="320" physical_partition_number="0" start_sector="12736"/>
  <erase PAGES_PER_BLOCK="64" SECTOR_SIZE_IN_BYTES="2048" num_partition_sectors="640" physical_partition_number="0" start_sector="13376"/>
  <program PAGES_PER_BLOCK="64" SECTOR_SIZE_IN_BYTES="2048" filename="..\appsboot.mbn" num_partition_sectors="640" physical_partition_number="0" start_sector="13376"/>
  <erase PAGES_PER_BLOCK="64" SECTOR_SIZE_IN_BYTES="2048" num_partition_sectors="2752" physical_partition_number="0" start_sector="14016"/>
  <program PAGES_PER_BLOCK="64" SECTOR_SIZE_IN_BYTES="2048" filename="..\mdm9607-boot.img" num_partition_sectors="2752" physical_partition_number="0" start_sector="14016"/>
  <erase PAGES_PER_BLOCK="64" SECTOR_SIZE_IN_BYTES="2048" num_partition_sectors="2688" physical_partition_number="0" start_sector="17024"/>
  <program PAGES_PER_BLOCK="64" SECTOR_SIZE_IN_BYTES="2048" filename="..\mdm9607-recovery.ubi" num_partition_sectors="2688" physical_partition_number="0" start_sector="17024"/>
  <erase PAGES_PER_BLOCK="64" SECTOR_SIZE_IN_BYTES="2048" num_partition_sectors="11264" physical_partition_number="0" start_sector="19712"/>
  <program PAGES_PER_BLOCK="64" SECTOR_SIZE_IN_BYTES="2048" filename="..\usrdata.ubi" num_partition_sectors="11264" physical_partition_number="0" start_sector="19712"/>
  <erase PAGES_PER_BLOCK="64" SECTOR_SIZE_IN_BYTES="2048" num_partition_sectors="34560" physical_partition_number="0" start_sector="30976"/>
  <program PAGES_PER_BLOCK="64" SECTOR_SIZE_IN_BYTES="2048" filename="..\mdm9607-sysfs.ubi" num_partition_sectors="34560" physical_partition_number="0" start_sector="30976"/>
  <erase PAGES_PER_BLOCK="64" SECTOR_SIZE_IN_BYTES="2048" num_partition_sectors="704" physical_partition_number="0" start_sector="12032"/>
  <erase PAGES_PER_BLOCK="64" SECTOR_SIZE_IN_BYTES="2048" num_partition_sectors="384" physical_partition_number="0" start_sector="640"/>
  <erase PAGES_PER_BLOCK="64" SECTOR_SIZE_IN_BYTES="2048" num_partition_sectors="640" physical_partition_number="0" start_sector="0"/>
  <program PAGES_PER_BLOCK="64" SECTOR_SIZE_IN_BYTES="2048" filename="..\rpm.mbn" num_partition_sectors="320" physical_partition_number="0" start_sector="12736"/>
</data>
